Wych.:,bps;Wch.:,bps;Maks. wych.:,bps;Maks. wch.:,bps;Data
504;504
1;2015-05-11 13:00,05-11;1,0,0;62823152462;52529884628;64207810749;54499564135
2;2015-05-11 13:20;0,0,0;63544773472;53505096120;73597984447;61402204158
3;2015-05-11 13:40;0,0,0;63538176808;53165183264;78805760599;66329714662
4;2015-05-11 14:00;0,0,0;64839534835;54211350492;69046716709;57837861752
5;2015-05-11 14:20;0,0,0;66050338369;55444926112;77179626480;64310888465
6;2015-05-11 14:40;0,0,0;67507484248;56320085980;73057372435;60859700502
7;2015-05-11 15:00;0,0,0;68875494461;57251092039;69789180733;57870972401
8;2015-05-11 15:20;0,0,0;70178146525;58408380196;72466917877;60220639855
9;2015-05-11 15:40;0,0,0;71134314232;57956878303;78865686002;59984885088
10;2015-05-11 16:00;0,0,0;69257343005;58376856777;70223354351;59554926607
11;2015-05-11 16:20;0,0,0;69462250738;58942693222;70715582813;60020145201
12;2015-05-11 16:40;0,0,0;70342277624;59974201163;71555839349;61152272188
13;2015-05-11 17:00;0,0,0;72751318902;61855208187;75352612979;63613176161
14;2015-05-11 17:20;0,0,0;72973733178;62687645817;75269405433;64438867111
15;2015-05-11 17:40;0,0,0;74107405508;63481856210;76553142838;65264472292
16;2015-05-11 18:00;0,0,0;74980708939;64576149278;92198172582;79293938854
17;2015-05-11 18:20;0,0,0;76647974042;66618230843;93511861154;81844842578
18;2015-05-11 18:40;0,0,0;77835077149;67730493045;95982484082;83223184954
19;2015-05-11 19:00;0,0,0;79379681537;68792314585;82330311521;71010842843
20;2015-05-11 19:20;0,0,0;80783329784;69780583051;81954743876;70951380762
21;2015-05-11 19:40;0,0,0;81576555845;72029974670;85392236449;75812470643
22;2015-05-11 20:00;0,0,0;86170802081;75905622914;88166409909;77855917427
23;2015-05-11 20:20;0,0,0;90803758711;80134303534;95023099041;84072130428
24;2015-05-11 20:40;0,0,0;96124583238;86977436163;98105866486;89888166791
25;2015-05-11 21:00;0,0,0;98781449718;90304142039;124011482735;113272946006
26;2015-05-11 21:20;0,0,0;101458775776;92540544941;126177736909;115434735498
27;2015-05-11 21:40;0,0,0;99875465275;90931052368;131215337967;116276989777
28;2015-05-11 22:00;0,0,0;101853575485;93104168376;121559895551;112308635007
29;2015-05-11 22:20;0,0,0;99117798115;90583463119;117152040288;107097842894
30;2015-05-11 22:40;0,0,0;93823695816;85410900711;100000227671;91616755950
31;2015-05-11 23:00;0,0,0;89579537863;80628857706;93421180894;84265050880
32;2015-05-11 23:20;0,0,0;82081327249;73816861067;91694002053;81295190032
33;2015-05-11 23:40;0,0,0;72161152044;65598955379;77136900916;69766419837
34;2015-05-12 00:00;0,0,1;63024249312;57663870029;66844773781;61910786256
35;2015-05-12 00:20;0,0,0;57155024686;52009161914;60327179178;54853199283
36;2015-05-12 00:40;0,0,0;49508869904;44404054434;53285990733;48672555919
37;2015-05-12 01:00;0,0,0;43401172017;37554907585;46503400863;40415539522
38;2015-05-12 01:20;0,0,0;35711083883;30509858786;40000961054;34882965511
39;2015-05-12 01:40;0,0,0;31772410654;26801586690;32822462223;28097057098
40;2015-05-12 02:00;0,0,0;28434075031;23591776757;30066218499;25233771033
41;2015-05-12 02:20;0,0,0;25127239379;21098986225;26326787511;22057819336
42;2015-05-12 02:40;0,0,0;23442250591;19412603362;26044481747;20679155877
43;2015-05-12 03:00;0,0,0;19901989075;16217790148;23162057780;19391356453
44;2015-05-12 03:20;0,0,0;18517034837;15031400833;19414435820;15797482791
45;2015-05-12 03:40;0,0,0;18140923864;14720597229;23033934471;15858211145
46;2015-05-12 04:00;0,0,0;17059464771;13710388437;20309403513;16713750018
47;2015-05-12 04:20;0,0,0;16098573837;13841389426;19813697397;17081947066
48;2015-05-12 04:40;0,0,0;15537167823;13072181771;19922825726;17183397864
49;2015-05-12 05:00;0,0,0;15803752482;12960718591;19397421171;15573469250
50;2015-05-12 05:20;0,0,0;16339272516;13169819231;18557429315;15669889708
51;2015-05-12 05:40;0,0,0;18596153187;14495870868;21998845632;16447233889
52;2015-05-12 06:00;0,0,0;19476615924;14944327522;22838301367;15829287047
53;2015-05-12 06:20;0,0,0;22203035469;17324800055;24144914448;18827452993
54;2015-05-12 06:40;0,0,0;23859319314;18817318842;26174241814;20408817137
55;2015-05-12 07:00;0,0,0;26611023187;21555680135;27817944846;23343267048
56;2015-05-12 07:20;0,0,0;30028387916;24413178312;32333211093;26041307022
57;2015-05-12 07:40;0,0,0;35114086272;28726170579;37426492628;30697319154
58;2015-05-12 08:00;0,0,0;37936995881;31503628365;40471719542;33818348516
59;2015-05-12 08:20;0,0,0;43138953200;35880687326;45185928417;37763802742
60;2015-05-12 08:40;0,0,0;46917865351;40046359001;49857085952;43080393677
61;2015-05-12 09:00;0,0,0;48826875529;41846664026;52006544165;43239240119
62;2015-05-12 09:20;0,0,0;51468257978;45393975599;55261283073;48961921027
63;2015-05-12 09:40;0,0,0;54377233046;48193219841;60217962213;49984496357
64;2015-05-12 10:00;0,0,0;54615320903;47521674387;56310218781;48702499282
65;2015-05-12 10:20;0,0,0;56582640203;48753680263;57953544007;49842378834
66;2015-05-12 10:40;0,0,0;56587854427;48645454020;58675277585;49412190219
67;2015-05-12 11:00;0,0,0;56355832537;48774497987;57498308565;49702192242
68;2015-05-12 11:20;0,0,0;56973394470;49879447336;58156458408;50927771009
69;2015-05-12 11:40;0,0,0;57770178914;50294361292;60582963564;51797600683
70;2015-05-12 12:00,05-12;1,0,0;57211918223;50082140993;58409462178;51408960417
71;2015-05-12 12:20;0,0,0;58770724768;51433480151;61439374406;53338867047
72;2015-05-12 12:40;0,0,0;58845047987;51706561554;60056434936;53077034923
73;2015-05-12 13:00;0,0,0;59520850903;51763024386;74681563859;64460215907
74;2015-05-12 13:20;0,0,0;59633270928;52250438870;74135836755;64304496075
75;2015-05-12 13:40;0,0,0;61000346262;52719170746;67863669170;55059854313
76;2015-05-12 14:00;0,0,0;60779524632;53524390735;75509575062;67041023978
77;2015-05-12 14:20;0,0,0;61633829039;54785387328;75355978148;65752434387
78;2015-05-12 14:40;0,0,0;63365990026;55062683598;75915964108;65760773036
79;2015-05-12 15:00;0,0,0;66176667023;57000480484;71166274971;59898823425
80;2015-05-12 15:20;0,0,0;67332307082;58519670626;68051447667;61067195224
81;2015-05-12 15:40;0,0,0;67960467249;59325133994;70036390812;60934949187
82;2015-05-12 16:00;0,0,0;68894749900;60361310254;70187842386;61939928354
83;2015-05-12 16:20;0,0,0;70938683019;60523188321;75796694760;61504952220
84;2015-05-12 16:40;0,0,0;71388877984;61282212914;72598707534;62603802146
85;2015-05-12 17:00;0,0,0;71947836903;61849908568;74963288707;63813444037
86;2015-05-12 17:20;0,0,0;71096855576;60939989173;74009940240;63084840381
87;2015-05-12 17:40;0,0,0;72378161870;62647936220;74390686984;64538880452
88;2015-05-12 18:00;0,0,0;74109362011;66000094426;92068185939;81630594259
89;2015-05-12 18:20;0,0,0;73971239406;65411838334;75936767350;68070436837
90;2015-05-12 18:40;0,0,0;78081819663;68514844287;81602847711;70378772388
91;2015-05-12 19:00;0,0,0;77733871241;68817506715;79360032020;70841867264
92;2015-05-12 19:20;0,0,0;80495294864;71504682079;84751563873;75044331888
93;2015-05-12 19:40;0,0,0;87491464571;77502349801;92468995318;81931656317
94;2015-05-12 20:00;0,0,0;94784502010;85675653057;97814091771;90392333209
95;2015-05-12 20:20;0,0,0;96066731542;87535003974;120255748509;107708193970
96;2015-05-12 20:40;0,0,0;99106702876;90882924725;123430021889;111738412691
97;2015-05-12 21:00;0,0,0;105804969769;98135513885;131187482494;122215672411
98;2015-05-12 21:20;0,0,0;109793177742;100512761136;137170329699;128555817722
99;2015-05-12 21:40;0,0,0;106274061418;96722790781;108514467581;99396346221
100;2015-05-12 22:00;0,0,0;110024093014;99852815885;114742443813;101639896618
101;2015-05-12 22:20;0,0,0;109026467004;99080565136;111196963528;100788682218
102;2015-05-12 22:40;0,0,0;105917375858;96981121614;109471185991;99626396121
103;2015-05-12 23:00;0,0,0;97767140234;89942046363;103496325878;96001257822
104;2015-05-12 23:20;0,0,0;85649933802;78285905338;111391200379;102723423403
105;2015-05-12 23:40;0,0,0;75336670949;67311414047;79739198359;72005161316
106;2015-05-13 00:00;0,0,1;64539570557;57624708990;85923788951;76356786220
107;2015-05-13 00:20;0,0,0;55858419419;50244387423;68944880553;62328820406
108;2015-05-13 00:40;0,0,0;49387723903;43588935966;65171370834;57584152512
109;2015-05-13 01:00;0,0,0;43071820614;37508001622;47831771682;41653848437
110;2015-05-13 01:20;0,0,0;38051972029;33825693539;44832299779;39239496823
111;2015-05-13 01:40;0,0,0;34022512561;29371406150;37640064608;32606786402
112;2015-05-13 02:00;0,0,0;27882064456;23777149794;30843600043;26246158003
113;2015-05-13 02:20;0,0,0;26740622755;22824256090;29398330728;25148237184
114;2015-05-13 02:40;0,0,0;24170033602;20945585502;25749865632;23038240830
115;2015-05-13 03:00;0,0,0;21125998736;17645693431;22993525938;19479857095
116;2015-05-13 03:20;0,0,0;20867726929;17942673008;21654379636;18989169243
117;2015-05-13 03:40;0,0,0;20012515708;15993460516;24600904854;19695095189
118;2015-05-13 04:00;0,0,0;19913268822;15539033253;26820647683;20336873825
119;2015-05-13 04:20;0,0,0;23279588368;15176784180;25850031312;17045460699
120;2015-05-13 04:40;0,0,0;23421799043;14624656768;25556468339;15586329522
121;2015-05-13 05:00;0,0,0;22820368038;14139846984;24493505036;14785360328
122;2015-05-13 05:20;0,0,0;23945048228;14507683692;26108249075;15525241594
123;2015-05-13 05:40;0,0,0;22439718591;14579486504;24589839298;15413048356
124;2015-05-13 06:00;0,0,0;21788129517;15127812489;22998590049;16591365844
125;2015-05-13 06:20;0,0,0;23142050769;17209911059;24700856453;18941505043
126;2015-05-13 06:40;0,0,0;25144618433;19283352236;27487407664;20763153461
127;2015-05-13 07:00;0,0,0;27868779766;21481629039;29613486212;23182687221
128;2015-05-13 07:20;0,0,0;33611381404;25009238588;38330211485;28784054611
129;2015-05-13 07:40;0,0,0;40351420541;30081057410;42766926714;32469721579
130;2015-05-13 08:00;0,0,0;44239233243;33673559544;47516082200;35918783370
131;2015-05-13 08:20;0,0,0;53511306539;39845158283;57603008913;42095300617
132;2015-05-13 08:40;0,0,0;57021459015;42583991742;58360578521;44335256114
133;2015-05-13 09:00;0,0,0;58515510826;45014933865;61301995430;46391557356
134;2015-05-13 09:20;0,0,0;63259818665;49584226824;66335880370;51732531174
135;2015-05-13 09:40;0,0,0;65306184068;52065615988;66620527530;53742021797
136;2015-05-13 10:00;0,0,0;66674409995;53645090260;70655789091;55373464163
137;2015-05-13 10:20;0,0,0;67701349383;55258787905;68946432439;56577844355
138;2015-05-13 10:40;0,0,0;68060821707;54792318369;69775648029;55976082351
139;2015-05-13 11:00;0,0,0;66871975260;54155283900;68297823639;55425025013
140;2015-05-13 11:20;0,0,0;66036876788;53885806153;83039681436;68371469291
141;2015-05-13 11:40;0,0,0;66173068901;55143724707;84097548789;70497569969
142;2015-05-13 12:00,05-13;1,0,0;63966970859;53588420661;67760035487;56785036869
143;2015-05-13 12:20;0,0,0;65315408002;54847226564;76638474777;62816641744
144;2015-05-13 12:40;0,0,0;53252030563;43556984723;65878079388;56654528971
145;2015-05-13 13:00;0,0,0;61615952444;49002695008;64532992468;52392352759
146;2015-05-13 13:20;0,0,0;64085850451;52192436928;66480136165;53008748426
147;2015-05-13 13:40;0,0,0;66881570692;53572129646;68879706993;55851698102
148;2015-05-13 14:00;0,0,0;67915939615;55897362734;69314155283;57639431686
149;2015-05-13 14:20;0,0,0;71528731012;60393476677;73482076419;62181134041
150;2015-05-13 14:40;0,0,0;74060995713;64309888624;76772683585;66767143351
151;2015-05-13 15:00;0,0,0;76210642231;65440061441;77571476482;66692040017
152;2015-05-13 15:20;0,0,0;79020541157;67383721248;80660082620;69588571234
153;2015-05-13 15:40;0,0,0;78701204145;66006197126;79795601655;66976135386
154;2015-05-13 16:00;0,0,0;80016452553;65278690986;82351998398;66750173184
155;2015-05-13 16:20;0,0,0;79727167343;65097271368;82510260195;67596055793
156;2015-05-13 16:40;0,0,0;81276957510;66103096096;83879672259;67522632149
157;2015-05-13 17:00;0,0,0;80398952067;64498127812;82691531672;65610362227
158;2015-05-13 17:20;0,0,0;81856627423;66484417115;85674921024;69660966486
159;2015-05-13 17:40;0,0,0;83094458000;68838782200;84608520406;70202649714
160;2015-05-13 18:00;0,0,0;81639102848;67339024383;83046377516;68221800852
161;2015-05-13 18:20;0,0,0;84504517184;69554175471;87373042107;71755067398
162;2015-05-13 18:40;0,0,0;88889679145;73578124836;96154286897;80077513799
163;2015-05-13 19:00;0,0,0;93221727034;78063135622;100293590954;84748651571
164;2015-05-13 19:20;0,0,0;93499476566;78640937482;110424522831;89622482412
165;2015-05-13 19:40;0,0,0;95765709401;83056163284;102587635431;89367781430
166;2015-05-13 20:00;0,0,0;98330771556;85043189118;102874814937;89282344598
167;2015-05-13 20:20;0,0,0;98916105229;86067193646;107655543730;93582309228
168;2015-05-13 20:40;0,0,0;99588322017;86940644558;106684226984;93140821475
169;2015-05-13 21:00;0,0,0;102669603918;91812776862;106185758874;96387297424
170;2015-05-13 21:20;0,0,0;106302492212;97197352116;133654639321;123278528114
171;2015-05-13 21:40;0,0,0;106003607014;98379732288;107549159104;101362230769
172;2015-05-13 22:00;0,0,0;108270602588;99946879737;112417741707;101662977877
173;2015-05-13 22:20;0,0,0;106649596119;99275653563;126690982584;118416007184
174;2015-05-13 22:40;0,0,0;101281197981;94161240363;129043186234;120403249051
175;2015-05-13 23:00;0,0,0;94076685359;82580043075;118691898845;109406047881
176;2015-05-13 23:20;0,0,0;88512315095;74315255972;111843121650;94179268493
177;2015-05-13 23:40;0,0,0;77684550862;64735021629;106900526681;90138478106
178;2015-05-14 00:00;0,0,1;67521195445;55797925620;73094862659;60515343704
179;2015-05-14 00:20;0,0,0;60367997024;48957054622;67154613338;55568573742
180;2015-05-14 00:40;0,0,0;51053933778;40956355323;54982130082;44322772573
181;2015-05-14 01:00;0,0,0;44589671046;34810479498;46696301975;36996808491
182;2015-05-14 01:20;0,0,0;39978975179;31316295677;42074358032;32369468583
183;2015-05-14 01:40;0,0,0;35631564702;27589417699;41971702962;29427227842
184;2015-05-14 02:00;0,0,0;30667879406;23686302648;32660554947;25202062532
185;2015-05-14 02:20;0,0,0;29830210112;22709836221;33237340771;24673600560
186;2015-05-14 02:40;0,0,0;27088802332;20650827875;29342240699;22653480940
187;2015-05-14 03:00;0,0,0;24593458974;18313200020;26959592692;20176192948
188;2015-05-14 03:20;0,0,0;22066067414;15887305392;25267237914;18740680798
189;2015-05-14 03:40;0,0,0;20372024706;14626821560;24163710125;16614670408
190;2015-05-14 04:00;0,0,0;19642481573;13685187764;21230479168;14400194453
191;2015-05-14 04:20;0,0,0;19475777714;13872467690;24968193208;14547020916
192;2015-05-14 04:40;0,0,0;18416406174;13015412440;20188516228;14165218135
193;2015-05-14 05:00;0,0,0;17680676204;12443612873;19866328416;13832786404
194;2015-05-14 05:20;0,0,0;18138191595;12715763451;19067043225;13726472825
195;2015-05-14 05:40;0,0,0;19127527219;13565167161;19816615260;14382860428
196;2015-05-14 06:00;0,0,0;19127791639;14184003591;20537428265;15216914354
197;2015-05-14 06:20;0,0,0;20944336707;15660781417;23717363213;17214041142
198;2015-05-14 06:40;0,0,0;24168666350;18463015029;27866961310;21253989379
199;2015-05-14 07:00;0,0,0;27010720286;20523823508;28804772750;21512645037
200;2015-05-14 07:20;0,0,0;30611340679;23366806464;33003337968;25254694868
201;2015-05-14 07:40;0,0,0;34655306652;26838324371;37189711294;28852221080
202;2015-05-14 08:00;0,0,0;38360136135;30155078635;41235326879;32125377247
203;2015-05-14 08:20;0,0,0;44019886716;35078303459;47672263468;38553774391
204;2015-05-14 08:40;0,0,0;46971762585;38085706621;48985276324;40546763477
205;2015-05-14 09:00;0,0,0;50366063778;40779134654;52588449609;42021816212
206;2015-05-14 09:20;0,0,0;52136968522;43110122323;58100549297;48990155802
207;2015-05-14 09:40;0,0,0;55743161595;46557051201;64258919481;53608077871
208;2015-05-14 10:00;0,0,0;56140317426;46802142546;59141127086;49659146781
209;2015-05-14 10:20;0,0,0;58248493397;48718055040;61301371217;51626442763
210;2015-05-14 10:40;0,0,0;60527667029;50505371047;63356466451;52065006661
211;2015-05-14 11:00;0,0,0;61362248464;51313139877;63045905059;52743227584
212;2015-05-14 11:20;0,0,0;61333853331;51195892338;62129123496;51658212489
213;2015-05-14 11:40;0,0,0;61177490523;51232999188;62359777492;52402881150
214;2015-05-14 12:00,05-14;1,0,0;62298290042;51961788783;63913488451;53134364799
215;2015-05-14 12:20;0,0,0;63126793831;53563168746;64902318544;54743368513
216;2015-05-14 12:40;0,0,0;62923301102;54701148279;64454567478;55388105784
217;2015-05-14 13:00;0,0,0;64188629319;55943864507;68113405275;56948007236
218;2015-05-14 13:20;0,0,0;65687851893;56971707312;80090946551;67423544185
219;2015-05-14 13:40;0,0,0;68512673592;58422011375;71285665012;59534739879
220;2015-05-14 14:00;0,0,0;67943401466;59296671479;69459261100;60800822110
221;2015-05-14 14:20;0,0,0;68506036353;59074990771;83429556044;71951775755
222;2015-05-14 14:40;0,0,0;73439529067;61785459273;84820189343;71831279745
223;2015-05-14 15:00;0,0,0;74251664608;62903763037;77519733501;65795258770
224;2015-05-14 15:20;0,0,0;75905498974;63433678137;77173730863;64532846483
225;2015-05-14 15:40;0,0,0;76869250693;64430025342;77762003669;65029881324
226;2015-05-14 16:00;0,0,0;77548807540;64649507588;78794989967;66518066702
227;2015-05-14 16:20;0,0,0;79124557663;65360771875;81429028007;66864240141
228;2015-05-14 16:40;0,0,0;81470487727;67205518842;84453566704;68489638619
229;2015-05-14 17:00;0,0,0;81185376821;66960647017;84611998311;68823989961
230;2015-05-14 17:20;0,0,0;81848334910;66597704554;83571916657;68295856933
231;2015-05-14 17:40;0,0,0;81419929320;66839702860;85402671058;70772769323
232;2015-05-14 18:00;0,0,0;82926226950;69047697945;89469132267;75144583755
233;2015-05-14 18:20;0,0,0;85528705685;72696476222;97726252555;81368008043
234;2015-05-14 18:40;0,0,0;87677778411;73412784663;95846449936;79419248485
235;2015-05-14 19:00;0,0,0;92269921881;77250758902;97622021201;82517850458
236;2015-05-14 19:20;0,0,0;92676636548;78694667547;99171803074;83545174432
237;2015-05-14 19:40;0,0,0;96063692109;79210710256;102274621560;83600695582
238;2015-05-14 20:00;0,0,0;101636546398;84575375402;123024973069;102514835647
239;2015-05-14 20:20;0,0,0;103499805133;85877007361;120672378167;100889185355
240;2015-05-14 20:40;0,0,0;104913436493;86766170652;117181349711;97122295391
241;2015-05-14 21:00;0,0,0;107368416354;91151008990;110855020468;94811838520
242;2015-05-14 21:20;0,0,0;109731996889;93535115742;113266978142;96422875113
243;2015-05-14 21:40;0,0,0;108762412253;94853347557;112987903045;98148057467
244;2015-05-14 22:00;0,0,0;103343608216;90968665136;105164880635;93058203492
245;2015-05-14 22:20;0,0,0;100737163542;88631623796;103185438269;90154100003
246;2015-05-14 22:40;0,0,0;97810239429;85724363063;102200988217;87809387235
247;2015-05-14 23:00;0,0,0;92119643356;79408972637;94997722870;83141492111
248;2015-05-14 23:20;0,0,0;82682226008;70911540993;88378806189;76184437526
249;2015-05-14 23:40;0,0,0;72576494742;62785803276;76811803608;66306159815
250;2015-05-15 00:00;0,0,1;62586177072;54381284907;67346088815;58389374951
251;2015-05-15 00:20;0,0,0;56452076026;48257715613;59040712234;50456269260
252;2015-05-15 00:40;0,0,0;50271998888;42980459202;63222947610;51161477729
253;2015-05-15 01:00;0,0,0;39992578717;34665878177;49309408346;43869976752
254;2015-05-15 01:20;0,0,0;35576641406;31230251831;45266986988;39490577399
255;2015-05-15 01:40;0,0,0;31809389179;27376002870;36199928197;31029778892
256;2015-05-15 02:00;0,0,0;28167628705;24200316875;30485751134;25993670066
257;2015-05-15 02:20;0,0,0;25896110757;22786852302;29571280248;24664256259
258;2015-05-15 02:40;0,0,0;23245566185;20186355278;23872243579;21156111776
259;2015-05-15 03:00;0,0,0;20560422273;18654647851;22013454575;19740492496
260;2015-05-15 03:20;0,0,0;18997280311;16123357399;20217749428;17081141668
261;2015-05-15 03:40;0,0,0;18232805480;15001711101;19144541237;15669307486
262;2015-05-15 04:00;0,0,0;17031215437;14332739477;18033033180;15310767325
263;2015-05-15 04:20;0,0,0;16522309039;14163058869;17821722723;14837304708
264;2015-05-15 04:40;0,0,0;16788519904;14033603601;22557040404;15440730339
265;2015-05-15 05:00;0,0,0;16328735981;13907218656;18604297489;15903268813
266;2015-05-15 05:20;0,0,0;18187846892;14394126876;27659963456;17516805033
267;2015-05-15 05:40;0,0,0;28453255534;17688606906;32690296443;19210627555
268;2015-05-15 06:00;0,0,0;27841597643;17461048403;29770919681;18365126699
269;2015-05-15 06:20;0,0,0;23477395711;17791551083;25375460931;19149277483
270;2015-05-15 06:40;0,0,0;26263550342;20287894258;29431237550;23922750648
271;2015-05-15 07:00;0,0,0;29382543674;23229130623;30876542296;25225007363
272;2015-05-15 07:20;0,0,0;32743500723;26204877092;34772844634;28012711883
273;2015-05-15 07:40;0,0,0;38839670101;30233903840;47169330243;32287589838
274;2015-05-15 08:00;0,0,0;41479940312;32521773416;45977211401;36780298421
275;2015-05-15 08:20;0,0,0;44307361486;36077254696;49240256245;41033493022
276;2015-05-15 08:40;0,0,0;51664811606;40341831889;58265885165;43095981286
277;2015-05-15 09:00;0,0,0;53217292526;41896935559;59237387402;43617955270
278;2015-05-15 09:20;0,0,0;54421053293;45325199775;60511033027;47917523250
279;2015-05-15 09:40;0,0,0;56406654111;47493862962;58993011289;48595417890
280;2015-05-15 10:00;0,0,0;55821087946;47273551586;57157450381;48433038072
281;2015-05-15 10:20;0,0,0;58480053852;48013972731;69689191685;57169290184
282;2015-05-15 10:40;0,0,0;59977300198;49654365086;71980595757;59288122633
283;2015-05-15 11:00;0,0,0;59655117743;50475009121;73270556771;60533857616
284;2015-05-15 11:20;0,0,0;60651065854;52063306603;70649975456;59409121349
285;2015-05-15 11:40;0,0,0;60360111139;50814719633;70139682386;59515507932
286;2015-05-15 12:00,05-15;1,0,0;61193379311;51105334064;72368109671;61442700368
287;2015-05-15 12:20;0,0,0;61397244309;51596480654;72759297699;60790167314
288;2015-05-15 12:40;0,0,0;60853363970;52005290800;68478840495;58234980283
289;2015-05-15 13:00;0,0,0;62581465711;52845622153;66842321078;56925028452
290;2015-05-15 13:20;0,0,0;63640174107;53696647977;69710724911;58119745693
291;2015-05-15 13:40;0,0,0;64661730218;54093707279;68856955649;56979861124
292;2015-05-15 14:00;0,0,0;65636384993;54578943753;68905748571;56618626354
293;2015-05-15 14:20;0,0,0;66946133943;56068286032;72068872650;60399672123
294;2015-05-15 14:40;0,0,0;69566312052;56861598358;72451048046;59261936913
295;2015-05-15 15:00;0,0,0;71951444335;58448207496;75983068946;61226889515
296;2015-05-15 15:20;0,0,0;72537048242;59304491654;74839492940;61601009806
297;2015-05-15 15:40;0,0,0;73067205916;59330549580;74952036023;60297845780
298;2015-05-15 16:00;0,0,0;73867655609;59379796843;74818220446;60025654262
299;2015-05-15 16:20;0,0,0;72863276300;58529286088;74000363610;59321501562
300;2015-05-15 16:40;0,0,0;72083972367;58569165835;82364715931;67710249798
301;2015-05-15 17:00;0,0,0;72654988293;59338909078;78931756498;61526466286
302;2015-05-15 17:20;0,0,0;73223402360;58745620267;77711412676;61796206933
303;2015-05-15 17:40;0,0,0;71506370346;58316295900;73438530518;59827786027
304;2015-05-15 18:00;0,0,0;73055831937;59617479382;75610629034;61933935437
305;2015-05-15 18:20;0,0,0;73156767339;60260286878;74701264730;62288650589
306;2015-05-15 18:40;0,0,0;75053002379;62072248534;79304619489;65196036929
307;2015-05-15 19:00;0,0,0;76494027411;63368203186;79888007032;65545506533
308;2015-05-15 19:20;0,0,0;77581517886;63929301976;79626145121;65399424850
309;2015-05-15 19:40;0,0,0;79052234490;66036461828;82662809560;69318586079
310;2015-05-15 20:00;0,0,0;80492270562;67659278140;81907798803;69264051709
311;2015-05-15 20:20;0,0,0;83081662712;69768851374;86919767251;72203618984
312;2015-05-15 20:40;0,0,0;88690051655;74695006220;103933950144;86856705839
313;2015-05-15 21:00;0,0,0;90388725931;78130792262;102857458086;89069753417
314;2015-05-15 21:20;0,0,0;93237318792;78179968564;113042210744;94253086721
315;2015-05-15 21:40;0,0,0;95336055787;80106217051;114934118469;95755871392
316;2015-05-15 22:00;0,0,0;97351766670;82579249156;108104027770;91216700016
317;2015-05-15 22:20;0,0,0;96813519250;81838019424;108564300205;92281707462
318;2015-05-15 22:40;0,0,0;93554257458;77947756903;100441498112;84134258319
319;2015-05-15 23:00;0,0,0;87516447984;73257241204;90884003985;76601778720
320;2015-05-15 23:20;0,0,0;81917765532;67369075324;88694314784;72793104633
321;2015-05-15 23:40;0,0,0;76316422018;61528928912;79881119401;64720269181
322;2015-05-16 00:00;0,0,1;69685368906;56424278815;74356480980;60178991834
323;2015-05-16 00:20;0,0,0;63996893204;51739184115;68104171929;55193650950
324;2015-05-16 00:40;0,0,0;58264841032;48282514050;61068873786;51087057625
325;2015-05-16 01:00;0,0,0;51278911638;40145318272;53892597617;43162540762
326;2015-05-16 01:20;0,0,0;44996035765;36458215031;48692854120;37995193053
327;2015-05-16 01:40;0,0,0;40724403815;32672207648;42609988338;36571134249
328;2015-05-16 02:00;0,0,0;35552123491;28201736809;38611990530;29623217393
329;2015-05-16 02:20;0,0,0;31841801898;24679808522;36789381669;28962575380
330;2015-05-16 02:40;0,0,0;29683469121;23381677759;33068924753;25933735588
331;2015-05-16 03:00;0,0,0;26542515027;20549899868;28750845950;22788122242
332;2015-05-16 03:20;0,0,0;24185776315;18461135213;28146805437;21303056108
333;2015-05-16 03:40;0,0,0;22026373482;16999920937;23825794971;18523579683
334;2015-05-16 04:00;0,0,0;20278756928;15724032051;21965995566;16995047875
335;2015-05-16 04:20;0,0,0;19103338504;14863829916;21020381932;16341718283
336;2015-05-16 04:40;0,0,0;18697723298;14435145154;19680573049;15361324743
337;2015-05-16 05:00;0,0,0;18963377841;14311580159;24078765254;16074156503
338;2015-05-16 05:20;0,0,0;20922582163;14579120915;23592533947;16000703638
339;2015-05-16 05:40;0,0,0;19490053512;14610393303;23841525762;16133265717
340;2015-05-16 06:00;0,0,0;21665800720;15268735411;28498877030;16867494857
341;2015-05-16 06:20;0,0,0;28075515752;17556365499;31869690074;18549467625
342;2015-05-16 06:40;0,0,0;24201101219;18365657795;28031698060;20677988190
343;2015-05-16 07:00;0,0,0;27652534387;20493733288;28942573960;21506788696
344;2015-05-16 07:20;0,0,0;29253123295;21938945914;33255897665;23223245918
345;2015-05-16 07:40;0,0,0;33000474952;25288104973;36821576443;27086802483
346;2015-05-16 08:00;0,0,0;36587820126;27821872381;39594177877;29881186585
347;2015-05-16 08:20;0,0,0;38621187741;30268816498;41619004369;33010668145
348;2015-05-16 08:40;0,0,0;42831172645;34325913098;44639077730;36387522193
349;2015-05-16 09:00;0,0,0;46077608897;36671527260;49501009570;39385655797
350;2015-05-16 09:20;0,0,0;55222172945;41230947658;60178047704;42920900037
351;2015-05-16 09:40;0,0,0;52497148784;40716733368;54331158318;42371953312
352;2015-05-16 10:00;0,0,0;54630196826;42683507682;57878933809;45792263752
353;2015-05-16 10:20;0,0,0;57082051097;45560392945;58519779853;47070684589
354;2015-05-16 10:40;0,0,0;58943561131;47141881182;60822699345;48395722795
355;2015-05-16 11:00;0,0,0;61379213662;48401792731;63632416483;49280609820
356;2015-05-16 11:20;0,0,0;63184444133;50150185773;71489128358;52353667544
357;2015-05-16 11:40;0,0,0;64360526028;51929671906;69133089146;56106999744
358;2015-05-16 12:00,05-16;1,0,0;64998508962;52012068796;68569217129;54485956447
359;2015-05-16 12:20;0,0,0;64756713030;52547222138;70679231625;56858196037
360;2015-05-16 12:40;0,0,0;66129198263;52367357310;69077977857;53394768645
361;2015-05-16 13:00;0,0,0;66333175991;53681858512;69674402626;54650854142
362;2015-05-16 13:20;0,0,0;68073863594;54346771161;72286379388;56255296452
363;2015-05-16 13:40;0,0,0;67192316011;54245048057;69328478499;55483891102
364;2015-05-16 14:00;0,0,0;67770405351;54873016843;69278721252;55861801174
365;2015-05-16 14:20;0,0,0;67988606494;54626726186;69300496781;56009089357
366;2015-05-16 14:40;0,0,0;66918230877;54361096450;76450846601;61673730205
367;2015-05-16 15:00;0,0,0;66629440855;54280811073;74211514429;60514487688
368;2015-05-16 15:20;0,0,0;66677579933;54435879596;74077636131;60605593762
369;2015-05-16 15:40;0,0,0;67898461986;55961148434;70177654494;57538584492
370;2015-05-16 16:00;0,0,0;68682904131;57053126608;71092470891;59031529601
371;2015-05-16 16:20;0,0,0;69182147270;56670058518;71530527550;57681463575
372;2015-05-16 16:40;0,0,0;68921406142;57198327774;71909778275;58892026699
373;2015-05-16 17:00;0,0,0;69948526561;57753863716;71224642460;58422484072
374;2015-05-16 17:20;0,0,0;70005747013;58579523916;75383580506;60023302907
375;2015-05-16 17:40;0,0,0;69728691114;57762169189;73423455318;61025492001
376;2015-05-16 18:00;0,0,0;69322075696;56984029365;70688989879;58169402988
377;2015-05-16 18:20;0,0,0;70562372052;58711376927;72207038691;59764447077
378;2015-05-16 18:40;0,0,0;73065180019;61057816537;75837643289;63301631368
379;2015-05-16 19:00;0,0,0;75229479144;63605234259;76973843763;65804271923
380;2015-05-16 19:20;0,0,0;78472837632;65569034310;82255217569;68001895247
381;2015-05-16 19:40;0,0,0;78054246819;65576473162;80729037819;68790928331
382;2015-05-16 20:00;0,0,0;81335881974;68951788542;83029154346;70224478866
383;2015-05-16 20:20;0,0,0;80481676751;69202481274;91475717947;78739730208
384;2015-05-16 20:40;0,0,0;81395893616;70581076952;85362306031;73843856768
385;2015-05-16 21:00;0,0,0;83953793994;73566680177;90701100557;79134891301
386;2015-05-16 21:20;0,0,0;84664286215;74308086069;92027133194;82360640894
387;2015-05-16 21:40;0,0,0;86692529893;75282325763;89239362960;76739109851
388;2015-05-16 22:00;0,0,0;85513449407;73606973344;87555147546;75410884240
389;2015-05-16 22:20;0,0,0;85611200413;73740611290;87284468703;74894590869
390;2015-05-16 22:40;0,0,0;83779629901;71679177342;85907322676;73570733844
391;2015-05-16 23:00;0,0,0;80673852293;69481822731;81752721845;71315168631
392;2015-05-16 23:20;0,0,0;78061820773;66332962405;82271991791;69605220406
393;2015-05-16 23:40;0,0,0;73818737391;61868214432;79827363207;66095530426
394;2015-05-17 00:00;0,0,1;67218609647;56568710816;70829016760;59173562237
395;2015-05-17 00:20;0,0,0;62077821828;51482177847;63395137306;53320395192
396;2015-05-17 00:40;0,0,0;57584599921;46982448359;61570821097;50039699938
397;2015-05-17 01:00;0,0,0;49720746322;40493291335;54024568490;44115038901
398;2015-05-17 01:20;0,0,0;45400224921;37779414407;48447742720;40938012542
399;2015-05-17 01:40;0,0,0;41465587037;34384003562;45436455548;37541848167
400;2015-05-17 02:00;0,0,0;36780890549;31007605963;41456689619;35656043615
401;2015-05-17 02:20;0,0,0;33989704398;27588640021;37470249479;30663965254
402;2015-05-17 02:40;0,0,0;31528241633;24655450879;33440102549;26597289758
403;2015-05-17 03:00;0,0,0;28023282276;21540100193;34332541363;26321980773
404;2015-05-17 03:20;0,0,0;24832250111;19001249277;26725138696;20267370426
405;2015-05-17 03:40;0,0,0;22408703447;17107662447;24248989491;18062859441
406;2015-05-17 04:00;0,0,0;21139006697;16153653833;22879185128;17860802530
407;2015-05-17 04:20;0,0,0;20088230623;15581482717;20865781003;16526310611
408;2015-05-17 04:40;0,0,0;19193049262;15090478775;20159693195;16062907793
409;2015-05-17 05:00;0,0,0;23258948478;15761652546;26040051597;17432263203
410;2015-05-17 05:20;0,0,0;21342900321;14906578792;23765221870;16860054585
411;2015-05-17 05:40;0,0,0;20963890980;14528578595;26313965680;15600788583
412;2015-05-17 06:00;0,0,0;20846325995;14384340052;23405288977;15828156144
413;2015-05-17 06:20;0,0,0;20604854817;14543104287;23092966380;16233793922
414;2015-05-17 06:40;0,0,0;21135319189;16032967850;22539367155;17278658191
415;2015-05-17 07:00;0,0,0;22531308322;16857131921;23601262515;17843834108
416;2015-05-17 07:20;0,0,0;24522891904;18673689219;26400799279;19976969460
417;2015-05-17 07:40;0,0,0;28141994497;21761572669;31513159686;22835074705
418;2015-05-17 08:00;0,0,0;30970187686;24263578510;33493486019;25987396882
419;2015-05-17 08:20;0,0,0;36028996675;27740766733;39239421812;29861923670
420;2015-05-17 08:40;0,0,0;41053040418;32065105848;43835156779;34225708512
421;2015-05-17 09:00;0,0,0;43727763268;34907735593;47930603359;37395679342
422;2015-05-17 09:20;0,0,0;48331606930;38686457296;51679350513;40493766358
423;2015-05-17 09:40;0,0,0;53097903094;43143056929;56082881920;45734875374
424;2015-05-17 10:00;0,0,0;56674738725;46793750195;62172375555;52121235869
425;2015-05-17 10:20;0,0,0;61182642168;51025358497;64792654284;53095048812
426;2015-05-17 10:40;0,0,0;64124106690;53483381756;65847468393;55117285509
427;2015-05-17 11:00;0,0,0;67364689490;56124490036;69124038795;57668441837
428;2015-05-17 11:20;0,0,0;70186170798;58397866857;73403420383;61857331276
429;2015-05-17 11:40;0,0,0;76027115115;61728494098;83748264066;64830792504
430;2015-05-17 12:00,05-17;1,0,0;79361445262;64337728494;86052129133;69334810303
431;2015-05-17 12:20;0,0,0;80988819159;65884101242;87829669723;71745158774
432;2015-05-17 12:40;0,0,0;81259805245;65778802650;82756719553;66960786057
433;2015-05-17 13:00;0,0,0;81879904279;66533298960;83002028593;68082769056
434;2015-05-17 13:20;0,0,0;82543713150;66802197311;86207231979;69164846900
435;2015-05-17 13:40;0,0,0;83465059048;68448533611;86498978058;70008714270
436;2015-05-17 14:00;0,0,0;82737756344;69205897832;84720017377;70399445412
437;2015-05-17 14:20;0,0,0;83061767719;68461111359;84645102588;69699626717
438;2015-05-17 14:40;0,0,0;83603165267;69748257264;86372310876;71760743936
439;2015-05-17 15:00;0,0,0;83811403624;69638238123;87316809810;71565432506
440;2015-05-17 15:20;0,0,0;82576069811;69681231973;84322629160;70914772731
441;2015-05-17 15:40;0,0,0;84288686267;70606621931;87590316256;72165248107
442;2015-05-17 16:00;0,0,0;84083007069;71928482272;87945298594;75434008834
443;2015-05-17 16:20;0,0,0;83973955272;71138497379;87943635632;74155019462
444;2015-05-17 16:40;0,0,0;84386155600;71160889139;86029734387;72260804204
445;2015-05-17 17:00;0,0,0;87249943449;73568866155;89760430634;76321066080
446;2015-05-17 17:20;0,0,0;90673183005;76643921201;92848804388;78022225100
447;2015-05-17 17:40;0,0,0;91942223836;77733787717;95136538105;80449418525
448;2015-05-17 18:00;0,0,0;91547376506;77636615830;95115655325;80115900400
449;2015-05-17 18:20;0,0,0;92241169675;78556678743;94770707063;80764198650
450;2015-05-17 18:40;0,0,0;94108619844;81335706091;95673537396;82829251525
451;2015-05-17 19:00;0,0,0;95307247591;81745731244;97444198521;83949840275
452;2015-05-17 19:20;0,0,0;98640648278;84621261590;101177982509;86957975213
453;2015-05-17 19:40;0,0,0;102212050757;88583463662;105527962563;91927685016
454;2015-05-17 20:00;0,0,0;101980907519;91236728941;106286052251;94045183695
455;2015-05-17 20:20;0,0,0;103877845005;97557958723;110893604796;106953127858
456;2015-05-17 20:40;0,0,0;105883431177;104907522100;108064293599;106546998612
457;2015-05-17 21:00;0,0,0;107602023777;105964567875;134805107723;133548030881
458;2015-05-17 21:20;0,0,0;108325825581;104783466420;110608946915;106186872593
459;2015-05-17 21:40;0,0,0;107462696098;103619110701;132572777372;128474944492
460;2015-05-17 22:00;0,0,0;109400674024;103669810890;111954722372;105886373807
461;2015-05-17 22:20;0,0,0;108978958566;100550519915;111502542345;104389512368
462;2015-05-17 22:40;0,0,0;106034793428;95373899027;109218977497;99026194330
463;2015-05-17 23:00;0,0,0;96190181827;86077443191;102119159494;91714129322
464;2015-05-17 23:20;0,0,0;88201729751;77039013596;96275162505;84912376536
465;2015-05-17 23:40;0,0,0;80568998237;69393601027;84222806255;72535333165
466;2015-05-18 00:00;0,0,1;71712350069;61887757732;77426764724;67166425877
467;2015-05-18 00:20;0,0,0;60533976789;51212756491;74589327282;62479232131
468;2015-05-18 00:40;0,0,0;54478537009;45834037101;70550532195;58089362722
469;2015-05-18 01:00;0,0,0;45334664794;37535485252;60223409446;49594381763
470;2015-05-18 01:20;0,0,0;39776126285;33147201502;52485157079;43871246560
471;2015-05-18 01:40;0,0,0;34567073064;28711298144;47960905281;39304570849
472;2015-05-18 02:00;0,0,0;30027108661;24894565190;35522654529;27991107764
473;2015-05-18 02:20;0,0,0;28154197590;23178232167;30909929168;25886702114
474;2015-05-18 02:40;0,0,0;25630550534;20099108888;27313326668;21415672108
475;2015-05-18 03:00;0,0,0;22037585432;16851339150;23685538073;18476105808
476;2015-05-18 03:20;0,0,0;21338182790;15502571521;28110964469;19900400567
477;2015-05-18 03:40;0,0,0;19822650306;15110761664;27064748687;19808066066
478;2015-05-18 04:00;0,0,0;18898506659;14511559970;25607348756;19912638072
479;2015-05-18 04:20;0,0,0;17748586305;14685982810;19282131693;16397287665
480;2015-05-18 04:40;0,0,0;17478641813;14411403357;18483847871;15285800433
481;2015-05-18 05:00;0,0,0;17589864413;14157637469;18851529138;15100573157
482;2015-05-18 05:20;0,0,0;17538574147;14487757627;18193321633;15205026846
483;2015-05-18 05:40;0,0,0;18106970183;14812201756;20419422993;16125548421
484;2015-05-18 06:00;0,0,0;20443089468;16782995948;23459965321;18549326681
485;2015-05-18 06:20;0,0,0;22016353811;17968430379;24108376876;19662995358
486;2015-05-18 06:40;0,0,0;23330655598;19624719032;29378543407;24448909866
487;2015-05-18 07:00;0,0,0;25966322500;21216272145;32953874068;26420935778
488;2015-05-18 07:20;0,0,0;30463355940;24929173449;39712906055;31961807662
489;2015-05-18 07:40;0,0,0;36207830295;30288337132;46538533847;38601469485
490;2015-05-18 08:00;0,0,0;40138028175;33118603500;50486386913;42467158095
491;2015-05-18 08:20;0,0,0;44771595329;37493422035;55774253873;46356902537
492;2015-05-18 08:40;0,0,0;50732262810;43441474440;51843966605;45502536749
493;2015-05-18 09:00;0,0,0;52115949144;45517140829;53480903691;46774334651
494;2015-05-18 09:20;0,0,0;54721158855;47728019591;57219094106;49460277973
495;2015-05-18 09:40;0,0,0;56952111722;50155923615;69110303213;60120655874
496;2015-05-18 10:00;0,0,0;58755483817;51440277704;72241547085;62790344451
497;2015-05-18 10:20;0,0,0;61426977738;54144759855;79633294761;69832213215
498;2015-05-18 10:40;0,0,0;62877842837;55699080374;78751249730;69413640308
499;2015-05-18 11:00;0,0,0;61865767601;54529978803;64226829867;55703422675
500;2015-05-18 11:20;0,0,0;62107536466;55549605406;75678777678;66503963974
501;2015-05-18 11:40;0,0,0;62358875904;55116872692;78625837085;69371555500
502;2015-05-18 12:00,05-18;1,0,0;62343807354;55580193272;64145336544;57451393524
503;2015-05-18 12:20;0,0,0;63445499219;56362716383;79987068852;69934036627
504;2015-05-18 12:40;0,0,0;64194694365;56967710296;81294832953;71330343926
#osy=0G,25G,50G,75G,100G,125G,150G
#summary=;Średni wch.:,50.43 Gbps;Średni wych.:,59.76 Gbps;Maks. wch.:,133.55 Gbps;Maks. wych.:,137.17 Gbps
